train/loss_total_step,dice_step,ppv_step,iou_step,epoch,step,val/loss_total_step,val/loss_total_epoch,dice_epoch,ppv_epoch,iou_epoch,val_loss,val_dice,val_ppv_pixels,val_IoU,val_ppv_clusters,train/loss_total_epoch,train_loss,train_dice,train_ppv_pixels,train_IoU,train_ppv_clusters
5.028810977935791,0.125,0.0,0.0,0,49,,,,,,,,,,,,,,,,
,3.40098611111279e-19,0.0,0.0,,0,4.147219181060791,,,,,,,,,,,,,,,
,1.0267893756257887e-18,0.0,0.0,,1,3.728559732437134,,,,,,,,,,,,,,,
,4.3085124083060985e-19,0.0,0.0,,2,5.338963508605957,,,,,,,,,,,,,,,
,2.4283061171002397e-19,0.0,0.0,,3,8.688172340393066,,,,,,,,,,,,,,,
,5.738272690574483e-19,0.0,0.0,,4,3.8132288455963135,,,,,,,,,,,,,,,
,1.7712088101340843e-18,0.0,0.0,,5,3.754586696624756,,,,,,,,,,,,,,,
,3.8427520760586324e-18,0.0,0.0,,6,3.981215715408325,,,,,,,,,,,,,,,
,6.566475582042352e-19,0.0,0.0,,7,3.9957752227783203,,,,,,,,,,,,,,,
,2.8835654447857206e-19,0.0,0.0,,8,4.574583053588867,,,,,,,,,,,,,,,
,2.0125814021155906e-19,0.0,0.0,,9,4.849221706390381,,,,,,,,,,,,,,,
,4.789157933224639e-19,0.0,0.0,,10,4.0363311767578125,,,,,,,,,,,,,,,
,3.0358115003449204e-18,0.0,0.0,,11,3.8250553607940674,,,,,,,,,,,,,,,
,1.342630055781595e-18,0.0,0.0,,12,4.314640045166016,,,,,,,,,,,,,,,
,1.6979417526662945e-18,0.0,0.0,,13,3.439023494720459,,,,,,,,,,,,,,,
,7.256850796413281e-19,0.0,0.0,,14,5.448307514190674,,,,,,,,,,,,,,,
,5.373404550223564e-19,0.0,0.0,,15,4.464302062988281,,,,,,,,,,,,,,,
,1.0080361463928651e-19,0.0,0.0,,16,10.362495422363281,,,,,,,,,,,,,,,
,,,,0,55,,4.786331653594971,1.0309580647869048e-18,0.0,0.0,4.8683342933654785,1.0309580647869048e-18,0.0,0.0,nan,,,,,,
,,,,0,55,,,0.44594594594594594,0.0,0.0,,,,,,5.000452041625977,4.984217643737793,0.44594594594594594,0.0,0.0,nan
2.1427383422851562,0.5,0.0,0.0,1,99,,,,,,,,,,,,,,,,
,3.40098611111279e-19,0.0,0.0,,17,3.5855231285095215,,,,,,,,,,,,,,,
,1.0267893756257887e-18,0.0,0.0,,18,3.2765843868255615,,,,,,,,,,,,,,,
,4.3085124083060985e-19,0.0,0.0,,19,3.903958559036255,,,,,,,,,,,,,,,
,2.4283061171002397e-19,0.0,0.0,,20,6.518560409545898,,,,,,,,,,,,,,,
,5.738272690574483e-19,0.0,0.0,,21,3.5987472534179688,,,,,,,,,,,,,,,
,1.7712088101340843e-18,0.0,0.0,,22,3.367253303527832,,,,,,,,,,,,,,,
,3.8427520760586324e-18,0.0,0.0,,23,3.2237820625305176,,,,,,,,,,,,,,,
,6.566475582042352e-19,0.0,0.0,,24,3.5313470363616943,,,,,,,,,,,,,,,
,2.8835654447857206e-19,0.0,0.0,,25,3.9273018836975098,,,,,,,,,,,,,,,
,2.0125814021155906e-19,0.0,0.0,,26,4.253958225250244,,,,,,,,,,,,,,,
,4.789157933224639e-19,0.0,0.0,,27,3.7846624851226807,,,,,,,,,,,,,,,
,3.0358115003449204e-18,0.0,0.0,,28,3.452058792114258,,,,,,,,,,,,,,,
,1.342630055781595e-18,0.0,0.0,,29,3.675105333328247,,,,,,,,,,,,,,,
,1.6979417526662945e-18,0.0,0.0,,30,3.2511379718780518,,,,,,,,,,,,,,,
,7.256850796413281e-19,0.0,0.0,,31,4.5644001960754395,,,,,,,,,,,,,,,
,5.373404550223564e-19,0.0,0.0,,32,3.55962872505188,,,,,,,,,,,,,,,
,1.0080361463928651e-19,0.0,0.0,,33,7.776548862457275,,,,,,,,,,,,,,,
,,,,1,111,,4.018293857574463,1.0309580647869048e-18,0.0,0.0,4.0735626220703125,1.0309580647869048e-18,0.0,0.0,nan,,,,,,
,,,,1,111,,,0.44594594594594594,0.0,0.0,,,,,,2.9346954822540283,2.9371755123138428,0.44594594594594594,0.0,0.0,nan
1.8251101970672607,0.625,0.0,0.0,2,149,,,,,,,,,,,,,,,,
,3.40098611111279e-19,0.0,0.0,,34,4.3762078285217285,,,,,,,,,,,,,,,
,1.0267893756257887e-18,0.0,0.0,,35,3.841510534286499,,,,,,,,,,,,,,,
,4.3085124083060985e-19,0.0,0.0,,36,6.072196960449219,,,,,,,,,,,,,,,
,2.4283061171002397e-19,0.0,0.0,,37,4.0194597244262695,,,,,,,,,,,,,,,
,5.738272690574483e-19,0.0,0.0,,38,2.949040412902832,,,,,,,,,,,,,,,
,1.7712088101340843e-18,0.0,0.0,,39,4.141956806182861,,,,,,,,,,,,,,,
,3.8427520760586324e-18,0.0,0.0,,40,4.6173810958862305,,,,,,,,,,,,,,,
,6.566475582042352e-19,0.0,0.0,,41,3.0324785709381104,,,,,,,,,,,,,,,
,2.8835654447857206e-19,0.0,0.0,,42,3.075848340988159,,,,,,,,,,,,,,,
,2.0125814021155906e-19,0.0,0.0,,43,3.0832879543304443,,,,,,,,,,,,,,,
,4.789157933224639e-19,0.0,0.0,,44,2.7804181575775146,,,,,,,,,,,,,,,
,3.0358115003449204e-18,0.0,0.0,,45,2.6589696407318115,,,,,,,,,,,,,,,
,1.342630055781595e-18,0.0,0.0,,46,3.015822172164917,,,,,,,,,,,,,,,
,1.6979417526662945e-18,0.0,0.0,,47,3.011739492416382,,,,,,,,,,,,,,,
,7.256850796413281e-19,0.0,0.0,,48,3.1806893348693848,,,,,,,,,,,,,,,
,5.373404550223564e-19,0.0,0.0,,49,5.156252384185791,,,,,,,,,,,,,,,
,1.0080361463928651e-19,0.0,0.0,,50,4.548663139343262,,,,,,,,,,,,,,,
,,,,2,167,,3.726851224899292,1.0309580647869048e-18,0.0,0.0,3.73893666267395,1.0309580647869048e-18,0.0,0.0,nan,,,,,,
,,,,2,167,,,0.44594594594594594,0.0,0.0,,,,,,2.5376315116882324,2.544379234313965,0.44594594594594594,0.0,0.0,nan
6.376224994659424,0.625,0.0,0.0,3,199,,,,,,,,,,,,,,,,
,3.40098611111279e-19,0.0,0.0,,51,3.3533682823181152,,,,,,,,,,,,,,,
,1.0267893756257887e-18,0.0,0.0,,52,3.186764717102051,,,,,,,,,,,,,,,
,4.3085124083060985e-19,0.0,0.0,,53,3.5262088775634766,,,,,,,,,,,,,,,
,2.4283061171002397e-19,0.0,0.0,,54,4.839395523071289,,,,,,,,,,,,,,,
,5.738272690574483e-19,0.0,0.0,,55,3.4348623752593994,,,,,,,,,,,,,,,
,1.7712088101340843e-18,0.0,0.0,,56,3.318666696548462,,,,,,,,,,,,,,,
,3.8427520760586324e-18,0.0,0.0,,57,3.18880033493042,,,,,,,,,,,,,,,
,6.566475582042352e-19,0.0,0.0,,58,3.48665189743042,,,,,,,,,,,,,,,
,2.8835654447857206e-19,0.0,0.0,,59,3.580528497695923,,,,,,,,,,,,,,,
,2.0125814021155906e-19,0.0,0.0,,60,3.6647250652313232,,,,,,,,,,,,,,,
,4.789157933224639e-19,0.0,0.0,,61,3.557649612426758,,,,,,,,,,,,,,,
,3.0358115003449204e-18,0.0,0.0,,62,3.3493123054504395,,,,,,,,,,,,,,,
,1.342630055781595e-18,0.0,0.0,,63,3.383457899093628,,,,,,,,,,,,,,,
,1.6979417526662945e-18,0.0,0.0,,64,3.134669780731201,,,,,,,,,,,,,,,
,7.256850796413281e-19,0.0,0.0,,65,3.960261106491089,,,,,,,,,,,,,,,
,5.373404550223564e-19,0.0,0.0,,66,3.3113503456115723,,,,,,,,,,,,,,,
,1.0080361463928651e-19,0.0,0.0,,67,5.3891191482543945,,,,,,,,,,,,,,,
,,,,3,223,,3.601105213165283,1.0309580647869048e-18,0.0,0.0,3.6273996829986572,1.0309580647869048e-18,0.0,0.0,nan,,,,,,
,,,,3,223,,,0.44594594594594594,0.0,0.0,,,,,,2.9735653400421143,2.9628798961639404,0.44594594594594594,0.0,0.0,0.0
1.9756293296813965,0.625,0.0,0.0,4,249,,,,,,,,,,,,,,,,
,0.00678588543087244,0.03863636404275894,0.00343962456099689,,68,3.128704071044922,,,,,,,,,,,,,,,
,0.002498558489605785,0.0016065249219536781,0.0012555534485727549,,69,3.063337564468384,,,,,,,,,,,,,,,
,0.0002544529270380736,0.0004512635350693017,0.00012729124864563346,,70,3.1508283615112305,,,,,,,,,,,,,,,
,1.9270508136865082e-19,0.0,0.0,,71,3.548759698867798,,,,,,,,,,,,,,,
,0.000215115447645076,0.00018395879305899143,0.00010760402074083686,,72,3.252948045730591,,,,,,,,,,,,,,,
,2.258304119167055e-19,0.0,0.0,,73,3.006758689880371,,,,,,,,,,,,,,,
,0.09581167250871658,0.059675008058547974,0.05926177650690079,,74,2.9496054649353027,,,,,,,,,,,,,,,
,0.12979141622781754,0.09085811488330364,0.0722629502415657,,75,3.1732752323150635,,,,,,,,,,,,,,,
,0.04091504216194153,0.02373417653143406,0.022280758246779442,,76,3.1739532947540283,,,,,,,,,,,,,,,
,0.025728825479745865,0.075931282248348,0.013373627094551921,,77,3.2091755867004395,,,,,,,,,,,,,,,
,0.02917179837822914,0.028107386082410812,0.015489619225263596,,78,3.272512912750244,,,,,,,,,,,,,,,
,0.005008059088140726,0.0026283988263458014,0.0025293638464063406,,79,3.2105231285095215,,,,,,,,,,,,,,,
,0.006658799946308137,0.043028321117162704,0.0033743379171937704,,80,3.047180652618408,,,,,,,,,,,,,,,
,5.474676240306689e-19,0.0,0.0,,81,2.9623844623565674,,,,,,,,,,,,,,,
,5.13798759079778e-19,0.0,0.0,,82,3.386604070663452,,,,,,,,,,,,,,,
,0.030062567442655563,0.06696125119924545,0.01599285565316677,,83,3.0703651905059814,,,,,,,,,,,,,,,
,0.001254275053118666,0.0028966733564933143,0.000628319646542271,,84,3.999675750732422,,,,,,,,,,,,,,,
,,,,4,279,,3.2003982067108154,0.0223189790936451,0.02590892867206026,0.012535319507205442,3.2121524810791016,0.0223189790936451,0.02590892867206026,0.012535319507205442,0.15228426395939088,,,,,,
,,,,4,279,,,0.4480319823002598,0.005123784832985702,0.0011452932504235414,,,,,,2.3713572025299072,2.36297869682312,0.4480319823002598,0.005123784832985702,0.0011452932504235414,0.1383495145631068
2.4930336475372314,0.5111480662599206,0.031206896528601646,0.005834192968904972,5,299,,,,,,,,,,,,,,,,
,3.40098611111279e-19,0.0,0.0,,85,4.327540397644043,,,,,,,,,,,,,,,
,1.0267893756257887e-18,0.0,0.0,,86,4.119669437408447,,,,,,,,,,,,,,,
,4.3085124083060985e-19,0.0,0.0,,87,4.518899917602539,,,,,,,,,,,,,,,
,2.4283061171002397e-19,0.0,0.0,,88,6.224654197692871,,,,,,,,,,,,,,,
,5.738272690574483e-19,0.0,0.0,,89,4.383569717407227,,,,,,,,,,,,,,,
,1.7712088101340843e-18,0.0,0.0,,90,4.082311630249023,,,,,,,,,,,,,,,
,3.8427520760586324e-18,0.0,0.0,,91,4.087786674499512,,,,,,,,,,,,,,,
,6.566475582042352e-19,0.0,0.0,,92,4.328396797180176,,,,,,,,,,,,,,,
,2.8835654447857206e-19,0.0,0.0,,93,4.608229160308838,,,,,,,,,,,,,,,
,2.0125814021155906e-19,0.0,0.0,,94,4.735607624053955,,,,,,,,,,,,,,,
,4.789157933224639e-19,0.0,0.0,,95,4.604574203491211,,,,,,,,,,,,,,,
,3.0358115003449204e-18,0.0,0.0,,96,4.296839237213135,,,,,,,,,,,,,,,
,1.342630055781595e-18,0.0,0.0,,97,4.426856517791748,,,,,,,,,,,,,,,
,1.6979417526662945e-18,0.0,0.0,,98,4.022461414337158,,,,,,,,,,,,,,,
,7.256850796413281e-19,0.0,0.0,,99,4.9760026931762695,,,,,,,,,,,,,,,
,5.373404550223564e-19,0.0,0.0,,100,4.261701583862305,,,,,,,,,,,,,,,
,1.0080361463928651e-19,0.0,0.0,,101,7.371912002563477,,,,,,,,,,,,,,,
,,,,5,335,,4.628897666931152,1.0309580647869048e-18,0.0,0.0,4.669236183166504,1.0309580647869048e-18,0.0,0.0,0.15228426395939088,,,,,,
,,,,5,335,,,0.4539273316857378,0.016861177984832762,0.004651334817190382,,,,,,2.346132755279541,2.335411548614502,0.4539273316857378,0.016861177984832762,0.004651334817190382,0.21601941747572814
1.8587790727615356,0.5,0.0,0.0,6,349,,,,,,,,,,,,,,,,
,0.06506871245801449,0.17836442403495312,0.03586316993460059,,102,3.004732131958008,,,,,,,,,,,,,,,
,0.04385105520486832,0.030598290264606476,0.02403329685330391,,103,2.9425973892211914,,,,,,,,,,,,,,,
,4.3000858289331413e-19,0.0,0.0,,104,3.0215766429901123,,,,,,,,,,,,,,,
,0.11919740028679371,0.47783103585243225,0.06731609115377069,,105,3.3442635536193848,,,,,,,,,,,,,,,
,0.09560192376375198,0.061649661511182785,0.059101372957229614,,106,3.167736053466797,,,,,,,,,,,,,,,
,3.9972929891309957e-19,0.0,0.0,,107,2.9373891353607178,,,,,,,,,,,,,,,
,0.08441730588674545,0.04900299943983555,0.04660407919436693,,108,2.88498854637146,,,,,,,,,,,,,,,
,0.03319908399134874,0.01842658221721649,0.017172406427562237,,109,3.0573673248291016,,,,,,,,,,,,,,,
,0.04770762100815773,0.02636990137398243,0.02636990137398243,,110,3.081855297088623,,,,,,,,,,,,,,,
,0.1293671326711774,0.1154576470144093,0.07942146901041269,,111,3.0317230224609375,,,,,,,,,,,,,,,
,0.05190188158303499,0.06614257767796516,0.02714492892846465,,112,3.1548588275909424,,,,,,,,,,,,,,,
,0.01610586792230606,0.00840741116553545,0.008320966735482216,,113,3.1376261711120605,,,,,,,,,,,,,,,
,0.22134346514940262,0.2872432507574558,0.14745935052633286,,114,2.9250431060791016,,,,,,,,,,,,,,,
,0.023079387610778213,0.014424354885704815,0.011969862971454859,,115,2.9117588996887207,,,,,,,,,,,,,,,
,0.017931331996805966,0.11779638670850545,0.009234147961251438,,116,3.1445841789245605,,,,,,,,,,,,,,,
,0.07078219205141068,0.06030662730336189,0.04122743383049965,,117,2.9420716762542725,,,,,,,,,,,,,,,
,0.041784883166352906,0.5294856429100037,0.021872257503370445,,118,3.699068546295166,,,,,,,,,,,,,,,
,,,,6,391,,3.0725057125091553,0.06273988202742453,0.11397823178445671,0.0368741893126115,3.0817201137542725,0.06273988202742453,0.11397823178445671,0.0368741893126115,0.27902621722846443,,,,,,
,,,,6,391,,,0.4569319572541038,0.022533751103847036,0.006370412165345008,,,,,,2.247645616531372,2.2509732246398926,0.4569319572541038,0.022533751103847036,0.006370412165345008,0.22229775662814413
1.2700520753860474,0.75,0.0,0.0,7,399,,,,,,,,,,,,,,,,
,0.032564230263233185,0.25,0.017416419461369514,,119,3.079861879348755,,,,,,,,,,,,,,,
,0.06202321872115135,0.05032292753458023,0.03540325537323952,,120,2.9375572204589844,,,,,,,,,,,,,,,
,0.0010361095191910865,0.0009093723492696881,0.0005191304953768849,,121,3.072164535522461,,,,,,,,,,,,,,,
,0.34265758749097586,0.6030001565814018,0.23443424934521317,,122,2.853769302368164,,,,,,,,,,,,,,,
,0.09471782296895981,0.09439300745725632,0.05842708423733711,,123,3.0665218830108643,,,,,,,,,,,,,,,
,0.08282269537448883,0.053566861897706985,0.04963278770446777,,124,2.8572988510131836,,,,,,,,,,,,,,,
,0.0460679295938462,0.11764781665988266,0.025126391206867993,,125,2.8760766983032227,,,,,,,,,,,,,,,
,0.1925547458231449,0.20970247127115726,0.14630707632750273,,126,2.9222970008850098,,,,,,,,,,,,,,,
,0.20400532335042953,0.19688356667757034,0.12920454517006874,,127,2.916961669921875,,,,,,,,,,,,,,,
,0.37471162527799606,0.7634875178337097,0.24485045485198498,,128,2.8372600078582764,,,,,,,,,,,,,,,
,0.03661327064037323,0.06472492218017578,0.01975308731198311,,129,3.1648755073547363,,,,,,,,,,,,,,,
,0.05031627416610718,0.04770992323756218,0.027973145246505737,,130,3.1324234008789062,,,,,,,,,,,,,,,
,0.1224811039865017,0.49752475321292877,0.07060091197490692,,131,2.7314231395721436,,,,,,,,,,,,,,,
,0.09194806963205338,0.05908253602683544,0.05065545253455639,,132,2.767930746078491,,,,,,,,,,,,,,,
,0.13788146525621414,0.3819426894187927,0.0855474267154932,,133,3.090440034866333,,,,,,,,,,,,,,,
,0.020789287984371185,0.15526315569877625,0.010845588520169258,,134,2.926590919494629,,,,,,,,,,,,,,,
,0.2080266202489535,0.4357073903083801,0.1402649829785029,,135,3.7111525535583496,,,,,,,,,,,,,,,
,,,,7,447,,2.9860780239105225,0.12234093882004494,0.23122043109068008,0.07832213395289075,2.996741533279419,0.12234093882004494,0.23122043109068008,0.07832213395289075,0.33053691275167785,,,,,,
,,,,7,447,,,0.4979792570764501,0.06388919988777153,0.03246869024378038,,,,,,2.064772129058838,2.0603175163269043,0.4979792570764501,0.06388919988777153,0.03246869024378038,0.2818080357142857
2.694502830505371,0.2530406601727009,0.10128450393676758,0.08610144630074501,8,449,,,,,,,,,,,,,,,,
1.4090542793273926,0.6856830976903439,0.04040329530835152,0.040067143738269806,8,499,,,,,,,,,,,,,,,,
,2.5303130204983204e-19,0.0,0.0,,136,2.920185089111328,,,,,,,,,,,,,,,
,0.06595796346664429,0.04577464610338211,0.03799053654074669,,137,2.810811996459961,,,,,,,,,,,,,,,
,0.041366661302163266,0.053847765040700324,0.02253623920842074,,138,3.0034353733062744,,,,,,,,,,,,,,,
,0.5402550548315048,0.6646320074796677,0.3833850920200348,,139,2.661881923675537,,,,,,,,,,,,,,,
,0.12029141932725906,0.08749411255121231,0.07919982820749283,,140,3.0241646766662598,,,,,,,,,,,,,,,
,0.10059783607721329,0.06833802163600922,0.06296776235103607,,141,2.765554189682007,,,,,,,,,,,,,,,
,0.10085745202377439,0.09271217160858214,0.056297179544344544,,142,2.779738187789917,,,,,,,,,,,,,,,
,0.1593890842050314,0.10500746127218008,0.09796404093503952,,143,2.862851142883301,,,,,,,,,,,,,,,
,0.21312086284160614,0.20253004878759384,0.13670116662979126,,144,2.813795566558838,,,,,,,,,,,,,,,
,0.4201095663011074,0.5658619403839111,0.3199648763984442,,145,2.4918570518493652,,,,,,,,,,,,,,,
,0.08392121456563473,0.06274460814893246,0.048120489809662104,,146,3.0416839122772217,,,,,,,,,,,,,,,
,0.045531198382377625,0.03149789944291115,0.02504638209939003,,147,3.051305055618286,,,,,,,,,,,,,,,
,0.2921871989965439,0.3557587042450905,0.2064216360449791,,148,2.5624349117279053,,,,,,,,,,,,,,,
,0.12075251340866089,0.07166110724210739,0.06867510080337524,,149,2.6984658241271973,,,,,,,,,,,,,,,
,0.316635325551033,0.4253380224108696,0.20292304828763008,,150,2.855675458908081,,,,,,,,,,,,,,,
,0.13355336734093726,0.22918472648598254,0.07712462515337393,,151,2.839841842651367,,,,,,,,,,,,,,,
,0.25838562349478406,0.4381017784277598,0.17618862787882486,,152,3.5930585861206055,,,,,,,,,,,,,,,
,,,,8,503,,2.8584163188934326,0.17601886186522864,0.20244534786029567,0.1168632522353958,2.869220018386841,0.17601886186522864,0.20244534786029567,0.1168632522353958,0.3668639053254438,,,,,,
,,,,8,503,,,0.4963757940789586,0.06654104987604581,0.03424497858613576,,,,,,2.113518714904785,2.113943576812744,0.4963757940789586,0.06654104987604581,0.03424497858613576,0.31982633863965265
1.4392051696777344,0.6369405165314674,0.139962837100029,0.09431293979287148,9,549,,,,,,,,,,,,,,,,
,0.04894994571805,0.25,0.027131104841828346,,153,2.9554498195648193,,,,,,,,,,,,,,,
,0.05635451525449753,0.04596290364861488,0.03175650164484978,,154,2.7971532344818115,,,,,,,,,,,,,,,
,0.01685936050489545,0.022198591381311417,0.00859492039307952,,155,3.0521440505981445,,,,,,,,,,,,,,,
,0.5756633877754211,0.6349731385707855,0.40885940939188004,,156,2.5030927658081055,,,,,,,,,,,,,,,
,0.11804047226905823,0.08823277801275253,0.07725980132818222,,157,3.0127944946289062,,,,,,,,,,,,,,,
,0.08745631575584412,0.055432502180337906,0.05299821496009827,,158,2.743347644805908,,,,,,,,,,,,,,,
,0.18238176265731454,0.1539942806120962,0.13926835684105754,,159,2.700188398361206,,,,,,,,,,,,,,,
,0.16930915974080563,0.12862722110003233,0.1193945687264204,,160,2.7934999465942383,,,,,,,,,,,,,,,
,0.20452386885881424,0.19725412130355835,0.12914269044995308,,161,2.806673526763916,,,,,,,,,,,,,,,
,0.4289824776351452,0.5437223166227341,0.3257630504667759,,162,2.5008108615875244,,,,,,,,,,,,,,,
,0.09331987984478474,0.07257399149239063,0.05281041841953993,,163,3.010942220687866,,,,,,,,,,,,,,,
,0.013504388742148878,0.015174507163465023,0.00693962536752224,,164,3.0314626693725586,,,,,,,,,,,,,,,
,0.27901025116443634,0.3727298527956009,0.19487202912569046,,165,2.5247387886047363,,,,,,,,,,,,,,,
,0.1371350958943367,0.08407094329595566,0.08003335073590279,,166,2.6194396018981934,,,,,,,,,,,,,,,
,0.25147372484207153,0.5126576498150826,0.15574095770716667,,167,2.876372814178467,,,,,,,,,,,,,,,
,0.07722950250899885,0.13417340509477071,0.04564614149785484,,168,2.8263349533081055,,,,,,,,,,,,,,,
,0.28492114941279095,0.43301034967104596,0.2017827903230985,,169,3.610058069229126,,,,,,,,,,,,,,,
,,,,9,559,,2.8335514068603516,0.17635134156574425,0.21710662479658346,0.11985362594866424,2.844970703125,0.17635134156574425,0.21710662479658346,0.11985362594866424,0.4010840108401084,,,,,,
,,,,9,559,,,0.49856919184828447,0.062030071240581304,0.03481645456558253,,,,,,2.013474225997925,2.0174474716186523,0.49856919184828447,0.062030071240581304,0.03481645456558253,0.3473282442748092
1.9815459251403809,0.7830593651160598,0.020350512117147446,0.017867197282612324,10,599,,,,,,,,,,,,,,,,
,0.07953207939863205,0.24953831732273102,0.04728784039616585,,170,2.837324857711792,,,,,,,,,,,,,,,
,0.056206896901130676,0.046758461743593216,0.03166278079152107,,171,2.7771570682525635,,,,,,,,,,,,,,,
,0.008507956750690937,0.017994001507759094,0.0043276166543364525,,172,3.036545753479004,,,,,,,,,,,,,,,
,0.434057854115963,0.7168630063533783,0.2862325347959995,,173,2.72660493850708,,,,,,,,,,,,,,,
,0.09340382367372513,0.09087198227643967,0.057430341839790344,,174,3.0519514083862305,,,,,,,,,,,,,,,
,0.11343399435281754,0.10209058970212936,0.07336004078388214,,175,2.6794474124908447,,,,,,,,,,,,,,,
,0.3144788766512647,0.27219057513866574,0.22840428893687204,,176,2.698606252670288,,,,,,,,,,,,,,,
,0.16920093836961314,0.1515526880393736,0.12734358847956173,,177,2.786984920501709,,,,,,,,,,,,,,,
,0.19989725202322006,0.3173782229423523,0.127108134329319,,178,2.8261075019836426,,,,,,,,,,,,,,,
,0.36186379194259644,0.6474584490060806,0.2543104309588671,,179,2.5064735412597656,,,,,,,,,,,,,,,
,0.06903237476944923,0.074063029140234,0.037465400993824005,,180,2.9730887413024902,,,,,,,,,,,,,,,
,0.03405354544520378,0.0277352724224329,0.01827116869390011,,181,3.0114972591400146,,,,,,,,,,,,,,,
,0.2780034989118576,0.4039704501628876,0.19459940493106842,,182,2.502046823501587,,,,,,,,,,,,,,,
,0.16553273051977158,0.11705103889107704,0.10682471841573715,,183,2.597811222076416,,,,,,,,,,,,,,,
,0.3094066195189953,0.5244090631604195,0.2109571099281311,,184,2.8601977825164795,,,,,,,,,,,,,,,
,0.1009102463722229,0.2461426556110382,0.05636025592684746,,185,2.8812947273254395,,,,,,,,,,,,,,,
,0.21332292258739471,0.44714677333831787,0.13629878809054694,,186,3.6967408657073975,,,,,,,,,,,,,,,
,,,,10,615,,2.837355136871338,0.17597102517359403,0.2591897243835421,0.11726386554768559,2.8499929904937744,0.17597102517359403,0.2591897243835421,0.11726386554768559,0.4280532043530834,,,,,,
,,,,10,615,,,0.5010973065942086,0.06364995839576623,0.03688892450244984,,,,,,2.0091569423675537,2.00508975982666,0.5010973065942086,0.06364995839576623,0.03688892450244984,0.37237237237237236
1.302598237991333,0.6833195276558399,0.03803173452615738,0.03803173452615738,11,649,,,,,,,,,,,,,,,,
,0.06047084182500839,0.25,0.0343952402472496,,187,2.8758718967437744,,,,,,,,,,,,,,,
,8.651186955857982e-19,0.0,0.0,,188,2.7967889308929443,,,,,,,,,,,,,,,
,3.107080099146305e-19,0.0,0.0,,189,3.0414998531341553,,,,,,,,,,,,,,,
,0.35497236251831055,0.771078422665596,0.2213306464254856,,190,2.8977603912353516,,,,,,,,,,,,,,,
,0.08452751487493515,0.10604481399059296,0.05086228623986244,,191,3.075517177581787,,,,,,,,,,,,,,,
,0.10997921228408813,0.1052108183503151,0.07049573212862015,,192,2.6480448246002197,,,,,,,,,,,,,,,
,0.34718193154549226,0.3722700913785957,0.2657224526483333,,193,2.62502384185791,,,,,,,,,,,,,,,
,0.2009321991354227,0.2268595527857542,0.14590845443308353,,194,2.762765407562256,,,,,,,,,,,,,,,
,0.1766679361462593,0.3477819859981537,0.10841479152441025,,195,2.83575177192688,,,,,,,,,,,,,,,
,0.33276866003870964,0.8394683599472046,0.22529847640544176,,196,2.5424280166625977,,,,,,,,,,,,,,,
,0.050230735912919044,0.1091412678360939,0.02641637297347188,,197,3.0009605884552,,,,,,,,,,,,,,,
,0.0033914728555828355,0.008333333767950535,0.0017073170747607946,,198,3.0176033973693848,,,,,,,,,,,,,,,
,0.20674744248390198,0.415441170334816,0.1303330883383751,,199,2.5352377891540527,,,,,,,,,,,,,,,
,0.18541280552744865,0.14266900159418583,0.13153908122330904,,200,2.525567054748535,,,,,,,,,,,,,,,
,0.2072630487382412,0.5531265065073967,0.12420770525932312,,201,2.915179491043091,,,,,,,,,,,,,,,
,0.027052458375692368,0.2060931921005249,0.014299925416707993,,202,2.903114080429077,,,,,,,,,,,,,,,
,0.17678634574015936,0.45219850540161133,0.1098799246052901,,203,3.941450357437134,,,,,,,,,,,,,,,
,,,,11,671,,2.86299729347229,0.1480709481532616,0.28612939679453064,0.09751292619656132,2.878856897354126,0.1480709481532616,0.28612939679453064,0.09751292619656132,0.45093715545755236,,,,,,
,,,,11,671,,,0.508988345937535,0.06664265624888824,0.04323365871279568,,,,,,1.940264344215393,1.9492213726043701,0.508988345937535,0.06664265624888824,0.04323365871279568,0.389351081530782
2.045848846435547,0.5794878974556923,0.07333852350711823,0.05827145278453827,12,699,,,,,,,,,,,,,,,,
,0.06654021143913269,0.25,0.03837738558650017,,204,2.8246185779571533,,,,,,,,,,,,,,,
,0.056420907378196716,0.047055426985025406,0.031798671931028366,,205,2.7605268955230713,,,,,,,,,,,,,,,
,0.04222007550561102,0.05600525670161005,0.02304729009847506,,206,3.027433395385742,,,,,,,,,,,,,,,
,0.5028777718544006,0.6875112950801849,0.34797538816928864,,207,2.538274049758911,,,,,,,,,,,,,,,
,0.0988202840089798,0.0888185054063797,0.06158105656504631,,208,3.040161371231079,,,,,,,,,,,,,,,
,0.10861232131719589,0.07685352861881256,0.06937643140554428,,209,2.6713922023773193,,,,,,,,,,,,,,,
,0.1341614075936377,0.09094702324364334,0.09041890338994563,,210,2.642368793487549,,,,,,,,,,,,,,,
,0.1485844925045967,0.11002691881731153,0.10374087933450937,,211,2.751620054244995,,,,,,,,,,,,,,,
,0.21079953759908676,0.26615989953279495,0.1343812793493271,,212,2.7711427211761475,,,,,,,,,,,,,,,
,0.44374164193868637,0.611646369099617,0.3393823578953743,,213,2.3268144130706787,,,,,,,,,,,,,,,
,0.1101191695779562,0.10626443848013878,0.06404287554323673,,214,2.9126510620117188,,,,,,,,,,,,,,,
,0.046335164457559586,0.0315384604036808,0.025533808395266533,,215,2.9996376037597656,,,,,,,,,,,,,,,
,0.306649848818779,0.4057387113571167,0.2211793065071106,,216,2.4013426303863525,,,,,,,,,,,,,,,
,0.14714587479829788,0.09588468447327614,0.08664360642433167,,217,2.5472567081451416,,,,,,,,,,,,,,,
,0.34012238308787346,0.49203629791736603,0.23516852781176567,,218,2.76568603515625,,,,,,,,,,,,,,,
,0.07018224149942398,0.1526138335466385,0.040820930153131485,,219,2.849647283554077,,,,,,,,,,,,,,,
,0.24355638275543848,0.4306402901808421,0.16974150265256563,,220,3.828369379043579,,,,,,,,,,,,,,,
,,,,12,727,,2.788170099258423,0.18005973853408916,0.23236303685368526,0.12183730301786902,2.803467273712158,0.18005973853408916,0.23236303685368526,0.12183730301786902,0.4694501018329939,,,,,,
,,,,12,727,,,0.526185620109171,0.08616293329094758,0.05790187626998968,,,,,,1.9248268604278564,1.9225094318389893,0.526185620109171,0.08616293329094758,0.05790187626998968,0.40253470126735064
2.6354501247406006,0.1762402094900608,0.04523415304720402,0.030346954707056284,13,749,,,,,,,,,,,,,,,,
,0.11550752632319927,0.08932536654174328,0.06840361189097166,,221,2.689248561859131,,,,,,,,,,,,,,,
,0.0838467925786972,0.05192863196134567,0.050370149314403534,,222,2.7103729248046875,,,,,,,,,,,,,,,
,0.07615921167598572,0.08453681106038857,0.04487954485375667,,223,2.958214282989502,,,,,,,,,,,,,,,
,0.42910541594028473,0.6951827704906464,0.27661218494176865,,224,2.547358512878418,,,,,,,,,,,,,,,
,0.10590456426143646,0.07919733226299286,0.06718205660581589,,225,3.0593972206115723,,,,,,,,,,,,,,,
,0.09619002789258957,0.10455010086297989,0.05955154448747635,,226,2.689955234527588,,,,,,,,,,,,,,,
,0.15047931065782905,0.1133226219099015,0.09340072027407587,,227,2.6323494911193848,,,,,,,,,,,,,,,
,0.11442192830145359,0.073379828594625,0.07022906420752406,,228,2.793733596801758,,,,,,,,,,,,,,,
,0.20144937932491302,0.27813588827848434,0.12661819905042648,,229,2.7896313667297363,,,,,,,,,,,,,,,
,0.46894650906324387,0.5664852410554886,0.3515010252594948,,230,2.172069549560547,,,,,,,,,,,,,,,
,0.13031237572431564,0.13728241994976997,0.0745039377361536,,231,2.83025860786438,,,,,,,,,,,,,,,
,0.05057745799422264,0.028386231511831284,0.028134692460298538,,232,3.0007004737854004,,,,,,,,,,,,,,,
,0.3266417384147644,0.26530830562114716,0.24266479909420013,,233,2.356034517288208,,,,,,,,,,,,,,,
,0.1539168655872345,0.09515407308936119,0.09120512753725052,,234,2.5361995697021484,,,,,,,,,,,,,,,
,0.26487142592668533,0.3631293624639511,0.16364508867263794,,235,2.804980516433716,,,,,,,,,,,,,,,
,0.07203872501850128,0.14641202986240387,0.04208250343799591,,236,2.812533378601074,,,,,,,,,,,,,,,
,0.24105945726235709,0.4438360631465912,0.1629647264877955,,237,3.7885215282440186,,,,,,,,,,,,,,,
,,,,13,783,,2.7596676349639893,0.18036799090341038,0.2092294962911644,0.11780345042925953,2.7747976779937744,0.18036799090341038,0.2092294962911644,0.11780345042925953,0.4854732895970009,,,,,,
,,,,13,783,,,0.5232191558490478,0.07683761159018646,0.053143888124870975,,,,,,1.961617350578308,1.9711005687713623,0.5232191558490478,0.07683761159018646,0.053143888124870975,0.4173055859802848
2.7217276096343994,0.24613988399505615,0.16674626618623734,0.0856210496276617,14,799,,,,,,,,,,,,,,,,
,0.01894577220082283,0.25,0.009845965541899204,,238,2.9540131092071533,,,,,,,,,,,,,,,
,8.3647738593039065e-19,0.0,0.0,,239,2.8168351650238037,,,,,,,,,,,,,,,
,3.1309134021042025e-19,0.0,0.0,,240,3.162614583969116,,,,,,,,,,,,,,,
,0.23475551418960094,0.7525907903909683,0.14161505550146103,,241,3.239194393157959,,,,,,,,,,,,,,,
,0.08732596039772034,0.10726860910654068,0.05290250480175018,,242,3.0741097927093506,,,,,,,,,,,,,,,
,0.07793575525283813,0.09853528439998627,0.046163443475961685,,243,2.7539093494415283,,,,,,,,,,,,,,,
,0.2999349464662373,0.24859929495141841,0.23077575612114742,,244,2.629887342453003,,,,,,,,,,,,,,,
,0.21352855116128922,0.22428397834300995,0.15735331363976002,,245,2.767519235610962,,,,,,,,,,,,,,,
,0.1160365417599678,0.3724873960018158,0.06564698368310928,,246,2.9395968914031982,,,,,,,,,,,,,,,
,0.38285429030656815,0.8703518062829971,0.2630066704005003,,247,2.716794013977051,,,,,,,,,,,,,,,
,0.048260023817420006,0.06376750767230988,0.025703608989715576,,248,3.018376111984253,,,,,,,,,,,,,,,
,0.008461538702249529,0.011506276205182076,0.004303599242120981,,249,3.0356266498565674,,,,,,,,,,,,,,,
,0.19479576498270035,0.41297709941864014,0.1244782879948616,,250,2.614415407180786,,,,,,,,,,,,,,,
,0.18560491129755974,0.14378676749765873,0.13275034353137016,,251,2.5407776832580566,,,,,,,,,,,,,,,
,0.21995027549564838,0.49686840176582336,0.1441760091111064,,252,2.9330248832702637,,,,,,,,,,,,,,,
,0.05175739526748657,0.1739913523197174,0.02886684238910675,,253,2.9021830558776855,,,,,,,,,,,,,,,
,0.05765890826781591,0.4087672432263692,0.03099112305790186,,254,4.4755072593688965,,,,,,,,,,,,,,,
,,,,14,839,,2.9525675773620605,0.1303517267163565,0.27066208935975195,0.08661681950551027,2.974963903427124,0.1303517267163565,0.27066208935975195,0.08661681950551027,0.5077586206896552,,,,,,
,,,,14,839,,,0.5248750599485567,0.0873854876814991,0.05389575435539292,,,,,,1.962733268737793,1.9532548189163208,0.5248750599485567,0.0873854876814991,0.05389575435539292,0.43165287183345874
2.4012064933776855,0.4413185343146324,0.04574928060173988,0.045131485909223557,15,849,,,,,,,,,,,,,,,,
,0.05457664281129837,0.25,0.030631892383098602,,255,3.29443359375,,,,,,,,,,,,,,,
,0.051442474126815796,0.043023254722356796,0.028671057894825935,,256,2.8453779220581055,,,,,,,,,,,,,,,
,0.015421253629028797,0.03171162307262421,0.007956010289490223,,257,4.155869007110596,,,,,,,,,,,,,,,
,0.4350269138813019,0.7067797780036926,0.2918625120073557,,258,2.2198121547698975,,,,,,,,,,,,,,,
,0.099853515625,0.09444273263216019,0.06238560006022453,,259,3.06839656829834,,,,,,,,,,,,,,,
,0.11623325198888779,0.10611511021852493,0.07571868598461151,,260,3.68742299079895,,,,,,,,,,,,,,,
,0.17296720668673515,0.27260628319345415,0.10402958048507571,,261,3.8721113204956055,,,,,,,,,,,,,,,
,0.1379421204328537,0.09925960004329681,0.09524866938591003,,262,2.1811444759368896,,,,,,,,,,,,,,,
,0.19854985177516937,0.31993280351161957,0.12545433640480042,,263,2.190074920654297,,,,,,,,,,,,,,,
,0.37838802114129066,0.6471400707960129,0.2714940719306469,,264,1.811949372291565,,,,,,,,,,,,,,,
,0.08053594641387463,0.08666237816214561,0.045347931794822216,,265,2.318241596221924,,,,,,,,,,,,,,,
,0.03238341957330704,0.028203971683979034,0.017313020303845406,,266,2.3361752033233643,,,,,,,,,,,,,,,
,0.29737822711467743,0.4037599116563797,0.2116212621331215,,267,3.3178539276123047,,,,,,,,,,,,,,,
,0.16644076630473137,0.11436951160430908,0.1015908382833004,,268,3.1715919971466064,,,,,,,,,,,,,,,
,0.2778293676674366,0.44742845743894577,0.17529838345944881,,269,2.2676353454589844,,,,,,,,,,,,,,,
,0.04678298905491829,0.1749592125415802,0.025806063786149025,,270,3.1815414428710938,,,,,,,,,,,,,,,
,0.20750659704208374,0.45720695455869037,0.1345535765091578,,271,4.426771640777588,,,,,,,,,,,,,,,
,,,,15,895,,2.9396846294403076,0.1622317561796352,0.24891342777314027,0.10575194620708031,2.9615530967712402,0.1622317561796352,0.24891342777314027,0.10575194620708031,0.5206812652068127,,,,,,
,,,,15,895,,,0.5233661171927501,0.08263291943065368,0.05212725353459547,,,,,,1.9322551488876343,1.9313347339630127,0.5233661171927501,0.08263291943065368,0.05212725353459547,0.4476542639241969
1.7321984767913818,0.5081294002011418,0.004855120088905096,0.004201316740363836,16,899,,,,,,,,,,,,,,,,
1.914041519165039,0.6849970668554306,0.2205211827531457,0.11911529581993818,16,949,,,,,,,,,,,,,,,,
,0.12860379740595818,0.09216604568064213,0.07604317553341389,,272,2.7279694080352783,,,,,,,,,,,,,,,
,0.06851152330636978,0.03988078236579895,0.03969487175345421,,273,2.7732505798339844,,,,,,,,,,,,,,,
,0.1362157182302326,0.11344441189430654,0.09241759707219899,,274,2.8705458641052246,,,,,,,,,,,,,,,
,0.37448427826166153,0.5311737507581711,0.24064636044204235,,275,2.6352152824401855,,,,,,,,,,,,,,,
,0.0982382670044899,0.06369084119796753,0.06112968176603317,,276,3.1764895915985107,,,,,,,,,,,,,,,
,0.07875722646713257,0.06728395074605942,0.04674099385738373,,277,2.776793956756592,,,,,,,,,,,,,,,
,0.14403344364836812,0.11596755147911608,0.09032150148414075,,278,2.7254726886749268,,,,,,,,,,,,,,,
,0.0981033556163311,0.057562089525163174,0.054461557418107986,,279,2.8873887062072754,,,,,,,,,,,,,,,
,0.18104513734579086,0.17781703919172287,0.11092383414506912,,280,2.8318984508514404,,,,,,,,,,,,,,,
,0.4899716302752495,0.4551844410598278,0.333506990224123,,281,2.4234678745269775,,,,,,,,,,,,,,,
,0.22547513991594315,0.17398026958107948,0.13459491357207298,,282,2.8370554447174072,,,,,,,,,,,,,,,
,0.022089648991823196,0.011555330827832222,0.011555330827832222,,283,3.0728869438171387,,,,,,,,,,,,,,,
,0.2747966945171356,0.22681885957717896,0.19613301753997803,,284,2.5036611557006836,,,,,,,,,,,,,,,
,0.11397045850753784,0.06583755277097225,0.0645566675812006,,285,2.7051970958709717,,,,,,,,,,,,,,,
,0.24903197214007378,0.2359230536967516,0.15458388440310955,,286,2.8444604873657227,,,,,,,,,,,,,,,
,0.15097995568066835,0.15642214566469193,0.08699655253440142,,287,2.728861093521118,,,,,,,,,,,,,,,
,0.22589462995529175,0.4227118094762166,0.14256951212882996,,288,3.6072473526000977,,,,,,,,,,,,,,,
,,,,16,951,,2.8194656372070312,0.1793271175988797,0.17323832675369819,0.11350651129857818,2.8310506343841553,0.1793271175988797,0.17323832675369819,0.11350651129857818,0.5211469534050179,,,,,,
,,,,16,951,,,0.5227122540114529,0.0829841100244635,0.054302189518149045,,,,,,1.969435453414917,1.9799634218215942,0.5227122540114529,0.0829841100244635,0.054302189518149045,0.45863385659736955
1.4923540353775024,0.5330610871315002,0.01915348693728447,0.019049767404794693,17,999,,,,,,,,,,,,,,,,
,0.08999210596084595,0.07628408074378967,0.05487217754125595,,289,2.737980365753174,,,,,,,,,,,,,,,
,0.09610303491353989,0.06447562575340271,0.059484872967004776,,290,2.6835672855377197,,,,,,,,,,,,,,,
,0.12403018365148455,0.12197388906497508,0.08198321791132912,,291,2.8685450553894043,,,,,,,,,,,,,,,
,0.5225349888205528,0.6154106631875038,0.3680601939558983,,292,2.4304230213165283,,,,,,,,,,,,,,,
,0.0786433294415474,0.058800891041755676,0.046660784631967545,,293,3.118366241455078,,,,,,,,,,,,,,,
,0.11842530220746994,0.09405433386564255,0.07758985459804535,,294,2.654555559158325,,,,,,,,,,,,,,,
,0.1929069859907031,0.20935997227206826,0.11979633290320635,,295,2.529340982437134,,,,,,,,,,,,,,,
,0.10289855359587818,0.06524717900902033,0.06425078806933016,,296,2.79521107673645,,,,,,,,,,,,,,,
,0.18355169892311096,0.2755896598100662,0.11256905645132065,,297,2.8484601974487305,,,,,,,,,,,,,,,
,0.49063535034656525,0.4865044355392456,0.3820023685693741,,298,2.223863124847412,,,,,,,,,,,,,,,
,0.24179790541529655,0.2369692176580429,0.1492912769317627,,299,2.6874115467071533,,,,,,,,,,,,,,,
,0.040323395282030106,0.021988317370414734,0.021930307149887085,,300,3.011455774307251,,,,,,,,,,,,,,,
,0.34774406254291534,0.3359518051147461,0.2666243612766266,,301,2.3344266414642334,,,,,,,,,,,,,,,
,0.17412211000919342,0.11698446050286293,0.10591236129403114,,302,2.5024282932281494,,,,,,,,,,,,,,,
,0.2980186529457569,0.3587270863354206,0.19203795678913593,,303,2.720047950744629,,,,,,,,,,,,,,,
,0.07748964428901672,0.09921414405107498,0.045850735157728195,,304,2.7484731674194336,,,,,,,,,,,,,,,
,0.22612694402535757,0.3943295031785965,0.15660508473714194,,305,3.851313591003418,,,,,,,,,,,,,,,
,,,,17,1007,,2.73331618309021,0.19992910521521942,0.2109422620121779,0.13530569908959764,2.7497572898864746,0.19992910521521942,0.2109422620121779,0.13530569908959764,0.5307076101468625,,,,,,
,,,,17,1007,,,0.5309760608931544,0.0873890845640097,0.059010460554033285,,,,,,1.888230323791504,1.8882485628128052,0.5309760608931544,0.0873890845640097,0.059010460554033285,0.46850937808489634
1.859972596168518,0.6768318079411983,0.03269432857632637,0.03269432857632637,18,1049,,,,,,,,,,,,,,,,
,0.11037130374461412,0.12099809292703867,0.06812846008688211,,306,2.7150936126708984,,,,,,,,,,,,,,,
,0.07296352088451385,0.051318101584911346,0.04271503910422325,,307,2.731114149093628,,,,,,,,,,,,,,,
,0.07875347882509232,0.14516352117061615,0.04673835262656212,,308,2.9447031021118164,,,,,,,,,,,,,,,
,0.41782868281006813,0.6480279490351677,0.28371202386915684,,309,2.8369674682617188,,,,,,,,,,,,,,,
,0.0894777849316597,0.0815572589635849,0.05449022352695465,,310,3.1087701320648193,,,,,,,,,,,,,,,
,0.11260443180799484,0.09657321125268936,0.07266760617494583,,311,2.709686756134033,,,,,,,,,,,,,,,
,0.18762065144255757,0.14950386085547507,0.11761635390575975,,312,2.5523250102996826,,,,,,,,,,,,,,,
,0.1335088312625885,0.1038011685013771,0.09107234328985214,,313,2.8090827465057373,,,,,,,,,,,,,,,
,0.1543070152401924,0.3274117559194565,0.09131307154893875,,314,2.933577537536621,,,,,,,,,,,,,,,
,0.4713159427046776,0.8550256192684174,0.3262137733399868,,315,2.3534045219421387,,,,,,,,,,,,,,,
,0.17200038395822048,0.23826073482632637,0.09947079699486494,,316,2.7843940258026123,,,,,,,,,,,,,,,
,2.6558198488336327e-18,0.0,0.0,,317,3.0789456367492676,,,,,,,,,,,,,,,
,0.33638066053390503,0.3293946534395218,0.25463008880615234,,318,2.379060983657837,,,,,,,,,,,,,,,
,0.20514998212456703,0.1569286845624447,0.1422543954104185,,319,2.4448957443237305,,,,,,,,,,,,,,,
,0.21013417467474937,0.4051595851778984,0.12497983127832413,,320,2.9756927490234375,,,,,,,,,,,,,,,
,0.07083100825548172,0.13539445400238037,0.04126055911183357,,321,2.820718288421631,,,,,,,,,,,,,,,
,0.16520926790932813,0.360857958594958,0.10778252935657899,,322,4.303168773651123,,,,,,,,,,,,,,,
,,,,18,1063,,2.83019757270813,0.1759495405452465,0.24568132062289696,0.11570745170700239,2.851858615875244,0.1759495405452465,0.24568132062289696,0.11570745170700239,0.5389937106918239,,,,,,
,,,,18,1063,,,0.5344475442093959,0.0868200300674207,0.06272394804067402,,,,,,1.845430850982666,1.8473799228668213,0.5344475442093959,0.0868200300674207,0.06272394804067402,0.47500925583117365
2.06473970413208,0.6156617561355233,0.11769585870206356,0.07743960665538907,19,1099,,,,,,,,,,,,,,,,
,0.12813787162303925,0.09186429530382156,0.07412528246641159,,323,2.721017837524414,,,,,,,,,,,,,,,
,0.07305002212524414,0.04310747608542442,0.04277434200048447,,324,2.7753214836120605,,,,,,,,,,,,,,,
,0.18156741233542562,0.14885784150101244,0.1406122053740546,,325,2.875088930130005,,,,,,,,,,,,,,,
,0.5733501091599464,0.584372840821743,0.40552929788827896,,326,2.2380073070526123,,,,,,,,,,,,,,,
,0.09384442865848541,0.06942374259233475,0.05776384845376015,,327,3.157224655151367,,,,,,,,,,,,,,,
,0.10064372420310974,0.07030439376831055,0.06300371885299683,,328,2.7419700622558594,,,,,,,,,,,,,,,
,0.15636166464537382,0.10400604037567973,0.10171301662921906,,329,2.6299502849578857,,,,,,,,,,,,,,,
,0.09295008596382104,0.0566104620884289,0.052880841452861205,,330,2.9100584983825684,,,,,,,,,,,,,,,
,0.20262276381254196,0.242038331925869,0.12714875862002373,,331,2.830481767654419,,,,,,,,,,,,,,,
,0.5836570933461189,0.5327283665537834,0.41899269819259644,,332,2.2497594356536865,,,,,,,,,,,,,,,
,0.30285394069505855,0.2301732318883296,0.19495167306740768,,333,2.6353416442871094,,,,,,,,,,,,,,,
,0.024413423612713814,0.012833323329687119,0.012833323329687119,,334,3.105123519897461,,,,,,,,,,,,,,,
,0.30183735489845276,0.26040081679821014,0.2175934910774231,,335,2.4427473545074463,,,,,,,,,,,,,,,
,0.15320521593093872,0.09770718216896057,0.09046183153986931,,336,2.6095736026763916,,,,,,,,,,,,,,,
,0.2638867683708668,0.2258765511214733,0.16457179561257362,,337,2.7566845417022705,,,,,,,,,,,,,,,
,0.1329926596954465,0.14926171582192183,0.0757285924628377,,338,2.7109432220458984,,,,,,,,,,,,,,,
,0.25895727177460987,0.3783361067374547,0.18317100157340369,,339,3.7942817211151123,,,,,,,,,,,,,,,
,,,,19,1119,,2.76029896736145,0.21251298465119647,0.19124290699690039,0.14197390854928588,2.7755045890808105,0.21251298465119647,0.19124290699690039,0.14197390854928588,0.5413489736070382,,,,,,
,,,,19,1119,,,0.549390487029922,0.09956153788772172,0.07581123776873101,,,,,,1.9360965490341187,1.9436848163604736,0.549390487029922,0.09956153788772172,0.07581123776873101,0.4839497557571528
1.9565967321395874,0.771576426923275,0.14870689809322357,0.11144094541668892,20,1149,,,,,,,,,,,,,,,,
,0.08792295306921005,0.10849177837371826,0.0533413328230381,,340,2.7551376819610596,,,,,,,,,,,,,,,
,0.07987171411514282,0.06176192685961723,0.04752817004919052,,341,2.7083702087402344,,,,,,,,,,,,,,,
,0.02589252218604088,0.047688260674476624,0.01365329697728157,,342,3.082045555114746,,,,,,,,,,,,,,,
,0.44083037972450256,0.6793252900242805,0.29198095574975014,,343,2.7506699562072754,,,,,,,,,,,,,,,
,0.09199512004852295,0.09293516725301743,0.056368883699178696,,344,3.113706350326538,,,,,,,,,,,,,,,
,0.12406526505947113,0.10172798484563828,0.0825045183300972,,345,2.676159381866455,,,,,,,,,,,,,,,
,0.230718694627285,0.23086611763574183,0.15108970738947392,,346,2.5451669692993164,,,,,,,,,,,,,,,
,0.16578947007656097,0.15184049308300018,0.12401574850082397,,347,2.7356598377227783,,,,,,,,,,,,,,,
,0.15609824657440186,0.36007585376501083,0.09284202381968498,,348,2.9082581996917725,,,,,,,,,,,,,,,
,0.5824595764279366,0.8379671275615692,0.4180823042988777,,349,2.4007158279418945,,,,,,,,,,,,,,,
,0.15595997497439384,0.22248873859643936,0.09235835820436478,,350,2.8089940547943115,,,,,,,,,,,,,,,
,0.05428716540336609,0.03429487347602844,0.030449630692601204,,351,3.0201661586761475,,,,,,,,,,,,,,,
,0.2820093035697937,0.3945738673210144,0.19733042269945145,,352,2.4586069583892822,,,,,,,,,,,,,,,
,0.192602364346385,0.15300273522734642,0.13589440286159515,,353,2.4732141494750977,,,,,,,,,,,,,,,
,0.2885175943374634,0.46461251378059387,0.18584621511399746,,354,2.794034242630005,,,,,,,,,,,,,,,
,0.06851311773061752,0.15025575459003448,0.039695944637060165,,355,2.8660295009613037,,,,,,,,,,,,,,,
,0.2130307157834371,0.761371374130249,0.13080672671397528,,356,3.987264633178711,,,,,,,,,,,,,,,
,,,,20,1175,,2.8111867904663086,0.190286955170667,0.2783842993232964,0.12603504244071334,2.828482151031494,0.190286955170667,0.2783842993232964,0.12603504244071334,0.5481894150417828,,,,,,
,,,,20,1175,,,0.5567096161028383,0.10908862942482186,0.07881533754755822,,,,,,1.9027665853500366,1.9067384004592896,0.5567096161028383,0.10908862942482186,0.07881533754755822,0.489302172481896
1.3488413095474243,0.5885348729789257,0.06235073320567608,0.05431273765861988,21,1199,,,,,,,,,,,,,,,,
,0.09052807837724686,0.07532256096601486,0.05527123808860779,,357,2.7271335124969482,,,,,,,,,,,,,,,
,0.09627953916788101,0.06788372993469238,0.05962017551064491,,358,2.6860947608947754,,,,,,,,,,,,,,,
,0.06559306959388778,0.17701398991630413,0.037737790393293835,,359,2.987617015838623,,,,,,,,,,,,,,,
,0.3333263639360666,0.5147416666150093,0.22277246601879597,,360,2.8781135082244873,,,,,,,,,,,,,,,
,0.08433328568935394,0.06917717307806015,0.050721701234579086,,361,3.1380507946014404,,,,,,,,,,,,,,,
,0.11870213598012924,0.11046511679887772,0.07782769203186035,,362,2.6383886337280273,,,,,,,,,,,,,,,
,0.07169044716283679,0.05395924928598106,0.03824539575725794,,363,2.628649950027466,,,,,,,,,,,,,,,
,0.16746892780065536,0.13139125891029835,0.11598213668912649,,364,2.7135748863220215,,,,,,,,,,,,,,,
,0.1663188859820366,0.29517054557800293,0.09976354613900185,,365,2.896343946456909,,,,,,,,,,,,,,,
,0.46463488042354584,0.7309684753417969,0.3108944520354271,,366,2.3550188541412354,,,,,,,,,,,,,,,
,0.19798540323972702,0.1905500367283821,0.12400734052062035,,367,2.7410035133361816,,,,,,,,,,,,,,,
,2.6069314648413542e-18,0.0,0.0,,368,3.0692036151885986,,,,,,,,,,,,,,,
,0.2886941283941269,0.29209260642528534,0.20385736972093582,,369,2.4044480323791504,,,,,,,,,,,,,,,
,0.21816781163215637,0.15673993527889252,0.142073106020689,,370,2.403524160385132,,,,,,,,,,,,,,,
,0.19858689978718758,0.4047328680753708,0.11699387989938259,,371,2.96352481842041,,,,,,,,,,,,,,,
,0.07371684163808823,0.11668483912944794,0.04323232173919678,,372,2.7507810592651367,,,,,,,,,,,,,,,
,0.1774222602446874,0.3463674783706665,0.10728847483793895,,373,4.040984153747559,,,,,,,,,,,,,,,
,,,,21,1231,,2.80669903755188,0.16531900859632487,0.21771162154271143,0.10623683390614173,2.82485032081604,0.16531900859632487,0.21771162154271143,0.10623683390614173,0.5506863780359028,,,,,,
,,,,21,1231,,,0.5690225454142762,0.11920282777125091,0.08933383719167076,,,,,,1.7896654605865479,1.7836027145385742,0.5690225454142762,0.11920282777125091,0.08933383719167076,0.497651111807078
2.172945022583008,0.574144059792161,0.04622092004865408,0.045265741646289825,22,1249,,,,,,,,,,,,,,,,
,0.11112312227487564,0.14527982473373413,0.0714384987950325,,374,2.7200376987457275,,,,,,,,,,,,,,,
,0.08659100532531738,0.05720633268356323,0.052364006638526917,,375,2.723334550857544,,,,,,,,,,,,,,,
,0.0974694425240159,0.0987899461761117,0.05857981089502573,,376,2.984743595123291,,,,,,,,,,,,,,,
,0.5438322499394417,0.6282046660780907,0.37863076478242874,,377,2.473619222640991,,,,,,,,,,,,,,,
,0.0959821417927742,0.08052434772253036,0.05939226597547531,,378,3.0812597274780273,,,,,,,,,,,,,,,
,0.10719823092222214,0.07187407463788986,0.06822667270898819,,379,2.6921780109405518,,,,,,,,,,,,,,,
,0.15878343861550093,0.15581833198666573,0.09433534555137157,,380,2.5461182594299316,,,,,,,,,,,,,,,
,0.11981762573122978,0.07783530000597239,0.07480867858976126,,381,2.786348819732666,,,,,,,,,,,,,,,
,0.21149126440286636,0.2063632532954216,0.1342771053314209,,382,2.7708451747894287,,,,,,,,,,,,,,,
,0.5485796369612217,0.7382257729768753,0.4193921647965908,,383,2.1464903354644775,,,,,,,,,,,,,,,
,0.13884537108242512,0.13936873152852058,0.07794405613094568,,384,2.843531370162964,,,,,,,,,,,,,,,
,0.06254398077726364,0.036559030413627625,0.03574301302433014,,385,2.9815328121185303,,,,,,,,,,,,,,,
,0.32166942954063416,0.3622349202632904,0.2375083565711975,,386,2.364895820617676,,,,,,,,,,,,,,,
,0.16501768678426743,0.10756118968129158,0.09885038062930107,,387,2.5190207958221436,,,,,,,,,,,,,,,
,0.328621968626976,0.3957117274403572,0.21086550503969193,,388,2.714655637741089,,,,,,,,,,,,,,,
,0.10034485906362534,0.1474851556122303,0.05768177006393671,,389,2.7377989292144775,,,,,,,,,,,,,,,
,0.2921724220116933,0.4547288119792938,0.20984409749507904,,390,3.6769907474517822,,,,,,,,,,,,,,,
,,,,22,1287,,2.736964464187622,0.20400243408199567,0.22627398293854586,0.13656247574001995,2.7507882118225098,0.20400243408199567,0.22627398293854586,0.13656247574001995,0.5553869499241275,,,,,,
,,,,22,1287,,,0.5381773782904896,0.08882337628630659,0.06543719672278327,,,,,,1.8303409814834595,1.8328502178192139,0.5381773782904896,0.08882337628630659,0.06543719672278327,0.49888042991491266
1.7119266986846924,0.7663134373724461,0.10816841199994087,0.1030515804886818,23,1299,,,,,,,,,,,,,,,,
,3.40098611111279e-19,0.0,0.0,,391,3.373183250427246,,,,,,,,,,,,,,,
,1.0267893756257887e-18,0.0,0.0,,392,3.176516532897949,,,,,,,,,,,,,,,
,4.3085124083060985e-19,0.0,0.0,,393,3.5337584018707275,,,,,,,,,,,,,,,
,0.021052632480859756,0.17224881052970886,0.010989011265337467,,394,4.782125949859619,,,,,,,,,,,,,,,
,5.738272690574483e-19,0.0,0.0,,395,3.444789171218872,,,,,,,,,,,,,,,
,0.029136691242456436,0.08367768675088882,0.015469823963940144,,396,3.066460609436035,,,,,,,,,,,,,,,
,3.8427520760586324e-18,0.0,0.0,,397,3.159234046936035,,,,,,,,,,,,,,,
,6.566475582042352e-19,0.0,0.0,,398,3.427130937576294,,,,,,,,,,,,,,,
,2.8835654447857206e-19,0.0,0.0,,399,3.55755877494812,,,,,,,,,,,,,,,
,2.0125814021155906e-19,0.0,0.0,,400,3.7051069736480713,,,,,,,,,,,,,,,
,4.777718703899627e-19,0.0,0.0,,401,3.589102029800415,,,,,,,,,,,,,,,
,3.0358115003449204e-18,0.0,0.0,,402,3.348459243774414,,,,,,,,,,,,,,,
,1.342630055781595e-18,0.0,0.0,,403,3.3566107749938965,,,,,,,,,,,,,,,
,1.6979417526662945e-18,0.0,0.0,,404,3.094195604324341,,,,,,,,,,,,,,,
,7.256850796413281e-19,0.0,0.0,,405,3.892078399658203,,,,,,,,,,,,,,,
,5.373404550223564e-19,0.0,0.0,,406,3.3105454444885254,,,,,,,,,,,,,,,
,1.0080361463928651e-19,0.0,0.0,,407,5.814863681793213,,,,,,,,,,,,,,,
,,,,23,1343,,3.592716932296753,0.00299637753572037,0.01527919386749837,0.0015796319539867231,3.6253950595855713,0.0029963775357203706,0.01527919386749837,0.0015796319539867231,0.5555555555555556,,,,,,
,,,,23,1343,,,0.4879284402573699,0.054018446188713716,0.027886252567121707,,,,,,2.42891001701355,2.4393398761749268,0.4879284402573699,0.054018446188713716,0.027886252567121707,0.4828499721137758
2.957411527633667,0.6361404284834862,0.09359605610370636,0.005830009002238512,24,1349,,,,,,,,,,,,,,,,
3.0414671897888184,2.0771653152800384e-18,0.0,0.0,24,1399,,,,,,,,,,,,,,,,
,0.01141131017357111,0.13821138441562653,0.0058389147743582726,,408,3.1492843627929688,,,,,,,,,,,,,,,
,0.0660325363278389,0.0484817810356617,0.038040027022361755,,409,3.0289578437805176,,,,,,,,,,,,,,,
,0.016453192569315434,0.030617422162322327,0.00850187164178351,,410,3.1675031185150146,,,,,,,,,,,,,,,
,0.4354698657989502,0.5810437723994255,0.28178122267127037,,411,3.0014355182647705,,,,,,,,,,,,,,,
,0.0997847318649292,0.07878424227237701,0.0623319111764431,,412,3.1522815227508545,,,,,,,,,,,,,,,
,0.06507264077663422,0.042345061898231506,0.03740431368350983,,413,2.9845340251922607,,,,,,,,,,,,,,,
,0.20260522444732487,0.16322992776986212,0.15154891996644437,,414,2.961482048034668,,,,,,,,,,,,,,,
,0.14705585921183228,0.1134937908500433,0.09673923696391284,,415,3.0990896224975586,,,,,,,,,,,,,,,
,0.1822822317481041,0.2977337911725044,0.11232803389430046,,416,3.065288543701172,,,,,,,,,,,,,,,
,0.35928531363606453,0.5392293035984039,0.24975727126002312,,417,2.9452924728393555,,,,,,,,,,,,,,,
,0.0534391924738884,0.04812656715512276,0.028407694771885872,,418,3.244138717651367,,,,,,,,,,,,,,,
,0.036333803087472916,0.029557589441537857,0.01959049515426159,,419,3.1972463130950928,,,,,,,,,,,,,,,
,0.2689844071865082,0.3697323203086853,0.18441615253686905,,420,2.874282121658325,,,,,,,,,,,,,,,
,0.15792426466941833,0.10194916650652885,0.09502848610281944,,421,2.919451951980591,,,,,,,,,,,,,,,
,0.2610938400030136,0.4293188974261284,0.1644178405404091,,422,3.157442092895508,,,,,,,,,,,,,,,
,0.1090371422469616,0.14090321213006973,0.06119065172970295,,423,3.024491548538208,,,,,,,,,,,,,,,
,0.19699559609095255,0.4366934100786845,0.12060877184073131,,424,3.628922939300537,,,,,,,,,,,,,,,
,,,,24,1399,,3.086202383041382,0.15641864198746522,0.20777780824486833,0.10076296255348681,3.094183921813965,0.15641864198746522,0.20777780824486833,0.10076296255348681,0.5403299725022914,,,,,,
,,,,24,1399,,,0.3090836492240972,0.07219233647596378,0.02286661662383431,,,,,,3.3867290019989014,3.3836464881896973,0.3090836492240972,0.07219233647596378,0.02286661662383431,0.4567916877850988
3.006486415863037,0.14959685318171978,0.1354982014745474,0.01293549221009016,25,1449,,,,,,,,,,,,,,,,
,2.575664619298218e-19,0.0,0.0,,425,3.1386067867279053,,,,,,,,,,,,,,,
,0.07292474806308746,0.05202952027320862,0.04268846660852432,,426,2.9405603408813477,,,,,,,,,,,,,,,
,0.05992263928055763,0.07579703629016876,0.034040968865156174,,427,3.0555076599121094,,,,,,,,,,,,,,,
,0.39697977527976036,0.5717330574989319,0.2543559968471527,,428,2.7819478511810303,,,,,,,,,,,,,,,
,0.10454545170068741,0.07943128794431686,0.06609195470809937,,429,3.05855393409729,,,,,,,,,,,,,,,
,0.07157079875469208,0.04796856641769409,0.04176349192857742,,430,2.9450650215148926,,,,,,,,,,,,,,,
,0.14750469801947474,0.10326644475571811,0.10244699707254767,,431,2.836013078689575,,,,,,,,,,,,,,,
,0.11946545727550983,0.0769953029230237,0.07304103020578623,,432,2.953598737716675,,,,,,,,,,,,,,,
,0.18928459286689758,0.19208256900310516,0.11683182790875435,,433,2.9377405643463135,,,,,,,,,,,,,,,
,0.3978740721940994,0.4934437796473503,0.29039835557341576,,434,2.804171562194824,,,,,,,,,,,,,,,
,0.055802954360842705,0.047842555679380894,0.029634321108460426,,435,3.1775312423706055,,,,,,,,,,,,,,,
,0.039540231227874756,0.03178122639656067,0.021467797458171844,,436,3.1103339195251465,,,,,,,,,,,,,,,
,0.3147515505552292,0.3791610300540924,0.23037532716989517,,437,2.682194948196411,,,,,,,,,,,,,,,
,0.11677812039852142,0.06968820095062256,0.06616463512182236,,438,2.814652442932129,,,,,,,,,,,,,,,
,0.29785099998116493,0.4533304274082184,0.20113373920321465,,439,3.0246291160583496,,,,,,,,,,,,,,,
,0.07279139832826331,0.09183168632443994,0.04245118927792646,,440,2.9223556518554688,,,,,,,,,,,,,,,
,0.17414804299672446,0.4454781512419383,0.10353456189235051,,441,3.547307014465332,,,,,,,,,,,,,,,
,,,,25,1455,,2.975757598876953,0.15451931465875857,0.18510395850736036,0.10092758331204583,2.9841630458831787,0.15451931465875857,0.18510395850736036,0.10092758331204583,0.5410813111962537,,,,,,
,,,,25,1455,,,0.23542518643368673,0.06897563634206685,0.0312611690727912,,,,,,2.96787428855896,2.968627452850342,0.23542518643368673,0.06897563634206685,0.0312611690727912,0.44887368793489796
3.0093603134155273,0.17180406907573342,0.059208500606473535,0.025891343568218872,26,1499,,,,,,,,,,,,,,,,
,0.015429043211042881,0.13472622632980347,0.007960156537592411,,442,3.1584672927856445,,,,,,,,,,,,,,,
,0.07196969538927078,0.06680236756801605,0.04203539714217186,,443,2.980616331100464,,,,,,,,,,,,,,,
,2.8471868977068194e-19,0.0,0.0,,444,3.147012233734131,,,,,,,,,,,,,,,
,0.4070472791790962,0.7122814357280731,0.28786163963377476,,445,3.024104118347168,,,,,,,,,,,,,,,
,0.08913298696279526,0.08664818853139877,0.05423469468951225,,446,3.0445308685302734,,,,,,,,,,,,,,,
,0.10008148103952408,0.07271112501621246,0.06256366521120071,,447,2.826047897338867,,,,,,,,,,,,,,,
,0.20203499466879293,0.18239462026394904,0.16892812462174334,,448,2.87526798248291,,,,,,,,,,,,,,,
,0.1479545384645462,0.1300959289073944,0.10506778210401535,,449,2.9271998405456543,,,,,,,,,,,,,,,
,0.17351015657186508,0.3317953944206238,0.10575667023658752,,450,2.889202356338501,,,,,,,,,,,,,,,
,0.3218226358294487,0.6401793509721756,0.22090259566903114,,451,2.775125503540039,,,,,,,,,,,,,,,
,0.05083734542131424,0.06065189279615879,0.026781423948705196,,452,3.151416301727295,,,,,,,,,,,,,,,
,0.020014295354485512,0.024263432249426842,0.010424423031508923,,453,3.1075446605682373,,,,,,,,,,,,,,,
,0.24023546278476715,0.41138941049575806,0.1672053411602974,,454,2.806739091873169,,,,,,,,,,,,,,,
,0.18234461173415184,0.12816598638892174,0.11665304377675056,,455,2.766516923904419,,,,,,,,,,,,,,,
,0.24963409453630447,0.5015961453318596,0.17252255976200104,,456,3.0531468391418457,,,,,,,,,,,,,,,
,0.06548690050840378,0.15913508832454681,0.037678323686122894,,457,2.9765472412109375,,,,,,,,,,,,,,,
,0.11260020732879639,0.41887327035268146,0.06473905841509502,,458,3.9849860668182373,,,,,,,,,,,,,,,
,,,,26,1511,,3.0148191452026367,0.1445961598299944,0.2362383012590346,0.09761970955357234,3.0290863513946533,0.1445961598299944,0.2362383012590346,0.09761970955357234,0.5423248278655326,,,,,,
,,,,26,1511,,,0.2453455609000164,0.06222401545784197,0.027438838584825757,,,,,,2.9751410484313965,2.975196361541748,0.2453455609000164,0.06222401545784197,0.027438838584825757,0.44049442135200173
2.9249935150146484,0.38513271138072014,0.007716470863670111,0.005280373618006706,27,1549,,,,,,,,,,,,,,,,
,0.022015655413269997,0.16109785437583923,0.011514841578900814,,459,3.4158411026000977,,,,,,,,,,,,,,,
,0.074912890791893,0.05912499874830246,0.04405737668275833,,460,2.9164154529571533,,,,,,,,,,,,,,,
,0.00958056603121804,0.022360919472703245,0.004882224620814668,,461,3.6928958892822266,,,,,,,,,,,,,,,
,0.4496004171669483,0.6277520433068275,0.3056243993341923,,462,2.5390164852142334,,,,,,,,,,,,,,,
,0.09616724401712418,0.08062631636857986,0.05953408032655716,,463,3.0065245628356934,,,,,,,,,,,,,,,
,0.08331670612096786,0.054038312286138535,0.0499880276620388,,464,2.9518728256225586,,,,,,,,,,,,,,,
,0.17256185063160956,0.1305008006747812,0.13001855905167758,,465,2.864375352859497,,,,,,,,,,,,,,,
,0.13385153049603105,0.0975677827373147,0.08999918506015092,,466,2.792780637741089,,,,,,,,,,,,,,,
,0.19716529548168182,0.28103868663311005,0.12387346476316452,,467,2.744598865509033,,,,,,,,,,,,,,,
,0.3771625868976116,0.6106241643428802,0.274944381788373,,468,2.50292706489563,,,,,,,,,,,,,,,
,0.06846490874886513,0.06761190295219421,0.03675742447376251,,469,3.044257879257202,,,,,,,,,,,,,,,
,0.021881124004721645,0.023624824360013008,0.01144125685095787,,470,3.043402671813965,,,,,,,,,,,,,,,
,0.28818853199481964,0.4031907171010971,0.20821864902973175,,471,2.4625909328460693,,,,,,,,,,,,,,,
,0.14395885542035103,0.09339851886034012,0.08474136516451836,,472,2.5908725261688232,,,,,,,,,,,,,,,
,0.29908372461795807,0.49015962332487106,0.20560225285589695,,473,2.8121752738952637,,,,,,,,,,,,,,,
,0.07537461817264557,0.13321633636951447,0.044377125799655914,,474,3.4255099296569824,,,,,,,,,,,,,,,
,0.19107911239067712,0.439243604739507,0.11892172694206238,,475,3.652592420578003,,,,,,,,,,,,,,,
,,,,27,1567,,2.9579405784606934,0.1586027367343716,0.21882785107278432,0.10595617374625065,2.968155860900879,0.1586027367343716,0.21882785107278432,0.10595617374625065,0.5441860465116279,,,,,,
,,,,27,1567,,,0.2604188748071891,0.07507895780394278,0.040168519164351664,,,,,,2.8968327045440674,2.8972578048706055,0.2604188748071891,0.07507895780394278,0.040168519164351664,0.43655136809499223
2.711862564086914,0.4431709051132202,0.048721909523010254,0.04686468467116356,28,1599,,,,,,,,,,,,,,,,
,0.024075308814644814,0.25,0.012646595947444439,,476,3.1684892177581787,,,,,,,,,,,,,,,
,0.07986871153116226,0.058423370122909546,0.0475260429084301,,477,2.912276029586792,,,,,,,,,,,,,,,
,2.7129490875331304e-19,0.0,0.0,,478,3.210815191268921,,,,,,,,,,,,,,,
,0.4433508329093456,0.646575354039669,0.3111474644392729,,479,2.8054733276367188,,,,,,,,,,,,,,,
,0.09982576221227646,0.08613129705190659,0.06236393377184868,,480,3.0111842155456543,,,,,,,,,,,,,,,
,0.1098845973610878,0.07716701924800873,0.07041800767183304,,481,2.7565035820007324,,,,,,,,,,,,,,,
,0.19407599279657006,0.20411788008641452,0.12039275851566344,,482,2.6912970542907715,,,,,,,,,,,,,,,
,0.1565130203962326,0.12629365921020508,0.11391481757164001,,483,2.7717981338500977,,,,,,,,,,,,,,,
,0.19570568203926086,0.30789458751678467,0.12252825126051903,,484,2.7892234325408936,,,,,,,,,,,,,,,
,0.3912317305803299,0.6592492312192917,0.2817055769264698,,485,2.535874843597412,,,,,,,,,,,,,,,
,0.08954853378236294,0.08144428580999374,0.0497121699154377,,486,3.0653698444366455,,,,,,,,,,,,,,,
,0.012242267839610578,0.01301369909197092,0.006274768617004156,,487,3.0679025650024414,,,,,,,,,,,,,,,
,0.28605932742357254,0.3863102197647095,0.20453736931085587,,488,2.5798237323760986,,,,,,,,,,,,,,,
,0.15615520626306534,0.10373873636126518,0.0929192453622818,,489,2.6717689037323,,,,,,,,,,,,,,,
,0.2596284709870815,0.449313148856163,0.16545682586729527,,490,2.811654806137085,,,,,,,,,,,,,,,
,0.07888752967119217,0.12922635674476624,0.04683281481266022,,491,2.966984272003174,,,,,,,,,,,,,,,
,0.16639763116836548,0.4318707386652629,0.10148587822914124,,492,4.111795425415039,,,,,,,,,,,,,,,
,,,,28,1623,,2.919420003890991,0.1613045491333773,0.2330030984551048,0.10653677919823955,2.936955213546753,0.1613045491333773,0.2330030984551048,0.10653677919823955,0.5495867768595041,,,,,,
,,,,28,1623,,,0.27115827113577634,0.07934639330228124,0.05053512216872568,,,,,,2.8709375858306885,2.8709139823913574,0.27115827113577634,0.07934639330228124,0.05053512216872568,0.4328519500933294
2.6657652854919434,0.1678750403225422,0.1173208225518465,0.11307667009532452,29,1649,,,,,,,,,,,,,,,,
,0.028105314821004868,0.18200837075710297,0.01488961186259985,,493,3.1230132579803467,,,,,,,,,,,,,,,
,0.07246661186218262,0.06641468405723572,0.04237482696771622,,494,2.921359062194824,,,,,,,,,,,,,,,
,2.753611703170846e-19,0.0,0.0,,495,3.1299893856048584,,,,,,,,,,,,,,,
,0.45869117975234985,0.6413140073418617,0.3173074182122946,,496,2.642338991165161,,,,,,,,,,,,,,,
,0.09611435979604721,0.08857350796461105,0.059493545442819595,,497,2.985806465148926,,,,,,,,,,,,,,,
,0.09940743446350098,0.06493593007326126,0.062037743628025055,,498,2.7592673301696777,,,,,,,,,,,,,,,
,0.16203400446102023,0.11853142105974257,0.11838302295655012,,499,2.7117321491241455,,,,,,,,,,,,,,,
,0.1665896475315094,0.14835390448570251,0.12491337209939957,,500,2.7298028469085693,,,,,,,,,,,,,,,
,0.1986205279827118,0.30313868075609207,0.12538066506385803,,501,2.7288756370544434,,,,,,,,,,,,,,,
,0.37162408605217934,0.6369085609912872,0.2713848017156124,,502,2.5215797424316406,,,,,,,,,,,,,,,
,0.07106060534715652,0.0761256292462349,0.03847691509872675,,503,3.023653030395508,,,,,,,,,,,,,,,
,0.008228840306401253,0.011563876643776894,0.004183266777545214,,504,3.041796922683716,,,,,,,,,,,,,,,
,0.2479909211397171,0.4060434401035309,0.17073997855186462,,505,2.6511600017547607,,,,,,,,,,,,,,,
,0.15602802485227585,0.10693760961294174,0.09383019432425499,,506,2.665518283843994,,,,,,,,,,,,,,,
,0.3028908260166645,0.5047367289662361,0.20758408401161432,,507,2.7578179836273193,,,,,,,,,,,,,,,
,0.0701737254858017,0.15616855025291443,0.040815167129039764,,508,2.9252710342407227,,,,,,,,,,,,,,,
,0.2105440447727839,0.44451582431793213,0.1353019873301188,,509,3.7193074226379395,,,,,,,,,,,,,,,
,,,,29,1679,,2.87214732170105,0.1592796503552305,0.22956070271946155,0.10706096145310509,2.8846054077148438,0.1592796503552305,0.22956070271946155,0.10706096145310509,0.5506352087114338,,,,,,
,,,,29,1679,,,0.2587490721139598,0.0636685230543859,0.04283868534784651,,,,,,2.8703091144561768,2.8695075511932373,0.2587490721139598,0.0636685230543859,0.04283868534784651,0.4309584154698207
2.996809720993042,0.25,0.0,0.0,30,1699,,,,,,,,,,,,,,,,
,0.023166339844465256,0.17911392450332642,0.012145922519266605,,510,3.1378514766693115,,,,,,,,,,,,,,,
,0.06700167804956436,0.06498781591653824,0.03868471831083298,,511,2.922226905822754,,,,,,,,,,,,,,,
,2.765984257183108e-19,0.0,0.0,,512,3.148110866546631,,,,,,,,,,,,,,,
,0.4313312768936157,0.6435381770133972,0.3010534569621086,,513,2.7924447059631348,,,,,,,,,,,,,,,
,0.093447245657444,0.09537936002016068,0.05746317282319069,,514,2.9648919105529785,,,,,,,,,,,,,,,
,0.10475973784923553,0.07092198729515076,0.06626332551240921,,515,2.7327089309692383,,,,,,,,,,,,,,,
,0.24117910536006093,0.2585573473479599,0.16314419324044138,,516,2.6546883583068848,,,,,,,,,,,,,,,
,0.16692112386226654,0.16141732037067413,0.12528647482395172,,517,2.696969985961914,,,,,,,,,,,,,,,
,0.19368913769721985,0.30786722898483276,0.1209624707698822,,518,2.7062630653381348,,,,,,,,,,,,,,,
,0.344822246581316,0.6579756736755371,0.2521646227687597,,519,2.554636001586914,,,,,,,,,,,,,,,
,0.09287714771926403,0.0966506265103817,0.05294371861964464,,520,2.9587929248809814,,,,,,,,,,,,,,,
,0.02671504020690918,0.029178675264120102,0.01411149837076664,,521,3.056626796722412,,,,,,,,,,,,,,,
,0.23171894252300262,0.40585242211818695,0.15256353467702866,,522,2.6159722805023193,,,,,,,,,,,,,,,
,0.16296712681651115,0.11435480788350105,0.10038653947412968,,523,2.614452838897705,,,,,,,,,,,,,,,
,0.27075647935271263,0.4904271140694618,0.18485610373318195,,524,2.773958921432495,,,,,,,,,,,,,,,
,0.06256327033042908,0.15977248549461365,0.03575561195611954,,525,2.931194543838501,,,,,,,,,,,,,,,
,0.17200757066408792,0.4245954255263011,0.10914228732387225,,526,3.9644224643707275,,,,,,,,,,,,,,,
,,,,30,1735,,2.8797075748443604,0.15778636279057212,0.24205621108134737,0.10505325851072349,2.8956596851348877,0.15778636279057212,0.24205621108134737,0.10505325851072349,0.5535275535275536,,,,,,
,,,,30,1735,,,0.23584184831394792,0.08814451196038234,0.05862204108429445,,,,,,2.807377338409424,2.8058767318725586,0.23584184831394792,0.08814451196038234,0.05862204108429445,0.42836637660357046
3.0326926708221436,0.1326789283193648,0.006594838574528694,0.0039611333049833775,31,1749,,,,,,,,,,,,,,,,
,0.12308665364980698,0.2219434380531311,0.08164121210575104,,527,2.8408570289611816,,,,,,,,,,,,,,,
,0.08731316030025482,0.055324554443359375,0.05289310961961746,,528,2.837984085083008,,,,,,,,,,,,,,,
,0.007874166491092183,0.014440178201766685,0.00399664413271239,,529,3.1522459983825684,,,,,,,,,,,,,,,
,0.48855575174093246,0.5571752041578293,0.332672368735075,,530,2.397000789642334,,,,,,,,,,,,,,,
,0.11034366488456726,0.08176597952842712,0.07079550623893738,,531,2.9385297298431396,,,,,,,,,,,,,,,
,0.0905790701508522,0.05684596672654152,0.05530925467610359,,532,2.791095495223999,,,,,,,,,,,,,,,
,0.20224082609638572,0.15119134215638041,0.13899707584641874,,533,2.5892229080200195,,,,,,,,,,,,,,,
,0.1364750349894166,0.09442596370354295,0.09138550399802625,,534,2.6685922145843506,,,,,,,,,,,,,,,
,0.2074398547410965,0.2498926743865013,0.13144823163747787,,535,2.657593250274658,,,,,,,,,,,,,,,
,0.49323391914367676,0.5211336314678192,0.3884417153894901,,536,2.108595848083496,,,,,,,,,,,,,,,
,0.1441582404077053,0.10251562297344208,0.0878936480730772,,537,2.779404401779175,,,,,,,,,,,,,,,
,0.0074362605810165405,0.008898304775357246,0.003774263197556138,,538,3.0111773014068604,,,,,,,,,,,,,,,
,0.32795901596546173,0.3677937686443329,0.24408425390720367,,539,2.421140670776367,,,,,,,,,,,,,,,
,0.15163590759038925,0.09650696814060211,0.0893789529800415,,540,2.6224193572998047,,,,,,,,,,,,,,,
,0.2562624588608742,0.37986990436911583,0.1563696376979351,,541,2.6391961574554443,,,,,,,,,,,,,,,
,0.08321120589971542,0.11779621988534927,0.049912091344594955,,542,2.851283311843872,,,,,,,,,,,,,,,
,0.2639852315187454,0.4414687752723694,0.17711588988701502,,543,3.3921709060668945,,,,,,,,,,,,,,,
,,,,31,1791,,2.7373411655426025,0.1860175591123763,0.20349977928762839,0.12607942608927042,2.7469711303710938,0.1860175591123763,0.20349977928762839,0.12607942608927042,0.5557443915703603,,,,,,
,,,,31,1791,,,0.1601232689824207,0.09485995353355287,0.059641019996126636,,,,,,2.789234161376953,2.790386438369751,0.1601232689824207,0.09485995353355287,0.059641019996126636,0.4236869031377899
3.1470749378204346,0.010231513530015945,0.007957004941999912,0.005334058776497841,32,1799,,,,,,,,,,,,,,,,
,0.0903424546122551,0.24901263415813446,0.0551329143345356,,544,2.911754846572876,,,,,,,,,,,,,,,
,0.06556934863328934,0.04766575247049332,0.037732917815446854,,545,2.8690073490142822,,,,,,,,,,,,,,,
,2.4469384815670317e-19,0.0,0.0,,546,3.1458561420440674,,,,,,,,,,,,,,,
,0.4252541773021221,0.6195587366819382,0.2942906264215708,,547,2.6575350761413574,,,,,,,,,,,,,,,
,0.10182491689920425,0.0825117900967598,0.06393224745988846,,548,2.9387967586517334,,,,,,,,,,,,,,,
,0.1175040528178215,0.09357253462076187,0.07680084556341171,,549,2.77524733543396,,,,,,,,,,,,,,,
,0.20647043990902603,0.142323108157143,0.1368865859694779,,550,2.5636301040649414,,,,,,,,,,,,,,,
,0.15431416034698486,0.11868973076343536,0.11159999668598175,,551,2.6644115447998047,,,,,,,,,,,,,,,
,0.16959743946790695,0.32802560925483704,0.10223367437720299,,552,2.721257448196411,,,,,,,,,,,,,,,
,0.39724157750606537,0.6206874176859856,0.2738704979419708,,553,2.2805864810943604,,,,,,,,,,,,,,,
,0.10339470580220222,0.09213899821043015,0.05858438462018967,,554,2.8521313667297363,,,,,,,,,,,,,,,
,0.007879185490310192,0.008559200912714005,0.004002668429166079,,555,2.988692045211792,,,,,,,,,,,,,,,
,0.3063931167125702,0.39334836602211,0.22091124206781387,,556,2.472733974456787,,,,,,,,,,,,,,,
,0.18261784315109253,0.12414241209626198,0.11218096315860748,,557,2.601184844970703,,,,,,,,,,,,,,,
,0.2248418778181076,0.4019379988312721,0.13519609160721302,,558,2.699982166290283,,,,,,,,,,,,,,,
,0.0772484838962555,0.1433447152376175,0.045681968331336975,,559,2.8969104290008545,,,,,,,,,,,,,,,
,0.20323306818803152,0.45109719038009644,0.12428463002045949,,560,3.5200960636138916,,,,,,,,,,,,,,,
,,,,32,1847,,2.786853075027466,0.1661443929257455,0.22709503868566966,0.10879111028651693,2.7976362705230713,0.1661443929257455,0.22709503868566966,0.10879111028651693,0.5586977967773759,,,,,,
,,,,32,1847,,,0.1421742528505379,0.07256607271503182,0.0509590920704107,,,,,,2.8221962451934814,2.821930170059204,0.1421742528505379,0.07256607271503182,0.0509590920704107,0.41613553852359825
2.654670238494873,0.15845853835344315,0.18966018711216748,0.11391577497124672,33,1849,,,,,,,,,,,,,,,,
2.792625904083252,0.15035555721260607,0.020158137660473585,0.013920971832703799,33,1899,,,,,,,,,,,,,,,,
,0.21112673729658127,0.20420783385634422,0.1375218816101551,,561,2.7441186904907227,,,,,,,,,,,,,,,
,0.04294091463088989,0.023487616330385208,0.023487616330385208,,562,2.9607133865356445,,,,,,,,,,,,,,,
,0.11262378562241793,0.12610862590372562,0.06927121337503195,,563,2.9399595260620117,,,,,,,,,,,,,,,
,0.3501593517139554,0.43252287060022354,0.23065223963931203,,564,2.934385061264038,,,,,,,,,,,,,,,
,0.10881710797548294,0.0728180855512619,0.06954362988471985,,565,2.986912488937378,,,,,,,,,,,,,,,
,0.10173210501670837,0.06921747326850891,0.06385909020900726,,566,2.845743179321289,,,,,,,,,,,,,,,
,0.12059326563030481,0.07048729760572314,0.07040968211367726,,567,2.7411649227142334,,,,,,,,,,,,,,,
,0.08512491546571255,0.0518105560913682,0.048947087954729795,,568,2.7806568145751953,,,,,,,,,,,,,,,
,0.18219755589962006,0.1686427891254425,0.11146968603134155,,569,2.699838876724243,,,,,,,,,,,,,,,
,0.4937342666089535,0.7092389836907387,0.36123059689998627,,570,2.242013454437256,,,,,,,,,,,,,,,
,0.15546105057001114,0.10801197215914726,0.0959598645567894,,571,2.740466356277466,,,,,,,,,,,,,,,
,2.505938463538826e-19,0.0,0.0,,572,3.065992593765259,,,,,,,,,,,,,,,
,0.24280519038438797,0.20220761373639107,0.1715805120766163,,573,2.558387517929077,,,,,,,,,,,,,,,
,0.1258741058409214,0.07361070066690445,0.07217292860150337,,574,2.7189114093780518,,,,,,,,,,,,,,,
,0.1612426470965147,0.2338267918676138,0.09822898916900158,,575,2.896444797515869,,,,,,,,,,,,,,,
,0.14762494526803493,0.14366733096539974,0.0945522328838706,,576,2.774317502975464,,,,,,,,,,,,,,,
,0.19071764747301737,0.339539152259628,0.13283905844825009,,577,3.8459975719451904,,,,,,,,,,,,,,,
,,,,33,1903,,2.836688280105591,0.1662743988432991,0.17579229287247158,0.10856815195058597,2.8515307903289795,0.1662743988432991,0.17579229287247158,0.10856815195058597,0.5588422391857506,,,,,,
,,,,33,1903,,,0.17930429881131318,0.0826531877167138,0.055299008405609536,,,,,,2.7869999408721924,2.7848713397979736,0.17930429881131318,0.0826531877167138,0.055299008405609536,0.4126187350374546
2.6368958950042725,0.20227031409740448,0.07507739961147308,0.05591852590441704,34,1949,,,,,,,,,,,,,,,,
,0.12224938720464706,0.2308066040277481,0.08090614527463913,,578,2.9041240215301514,,,,,,,,,,,,,,,
,0.0676056370139122,0.042449701577425,0.03908794745802879,,579,2.9048011302948,,,,,,,,,,,,,,,
,2.7089066623419323e-19,0.0,0.0,,580,3.182530164718628,,,,,,,,,,,,,,,
,0.4512607306241989,0.6473644748330116,0.30732268653810024,,581,2.5319838523864746,,,,,,,,,,,,,,,
,0.10821346193552017,0.0793350487947464,0.06905128806829453,,582,2.930082321166992,,,,,,,,,,,,,,,
,0.11592039465904236,0.0935993567109108,0.07545337080955505,,583,2.7644479274749756,,,,,,,,,,,,,,,
,0.1945482506416738,0.14000621624290943,0.13190722442232072,,584,2.5928187370300293,,,,,,,,,,,,,,,
,0.14513210952281952,0.11052921414375305,0.10224375128746033,,585,2.6567330360412598,,,,,,,,,,,,,,,
,0.17894858121871948,0.3288468271493912,0.10955999046564102,,586,2.6890411376953125,,,,,,,,,,,,,,,
,0.45589245669543743,0.8747603595256805,0.32699374994263053,,587,2.136681318283081,,,,,,,,,,,,,,,
,0.12848155200481415,0.10387348756194115,0.0778914000838995,,588,2.819779396057129,,,,,,,,,,,,,,,
,0.012966477312147617,0.01350461132824421,0.0066558439284563065,,589,3.006385087966919,,,,,,,,,,,,,,,
,0.27335359156131744,0.3710328936576843,0.18816421926021576,,590,2.546380043029785,,,,,,,,,,,,,,,
,0.21292763203382492,0.15045398101210594,0.13882889598608017,,591,2.5816471576690674,,,,,,,,,,,,,,,
,0.2624121308326721,0.4267369769513607,0.16325832158327103,,592,2.59250807762146,,,,,,,,,,,,,,,
,0.07964357733726501,0.14734874665737152,0.04736669734120369,,593,2.9240469932556152,,,,,,,,,,,,,,,
,0.2087972511847814,0.4568294783433278,0.12929633259773254,,594,3.6759047508239746,,,,,,,,,,,,,,,
,,,,34,1959,,2.7773678302764893,0.17708381546188645,0.2449713796377182,0.11711425563570724,2.7905821800231934,0.17708381546188645,0.2449713796377182,0.11711425563570724,0.560136391816491,,,,,,
,,,,34,1959,,,0.21071912010325128,0.08377034630360834,0.060925079414438504,,,,,,2.7547125816345215,2.7541091442108154,0.21071912010325128,0.08377034630360834,0.060925079414438504,0.4100660678494544
3.052281141281128,0.125,0.0,0.0,35,1999,,,,,,,,,,,,,,,,
,0.1294853538274765,0.17352941632270813,0.08736857771873474,,595,2.854355573654175,,,,,,,,,,,,,,,
,0.08509189635515213,0.05297732725739479,0.05127153545618057,,596,2.892960786819458,,,,,,,,,,,,,,,
,0.005283414502628148,0.006483164383098483,0.002657317672856152,,597,3.1494393348693848,,,,,,,,,,,,,,,
,0.46734337508678436,0.5943196266889572,0.314100980758667,,598,2.4748971462249756,,,,,,,,,,,,,,,
,0.10273122042417526,0.06911466270685196,0.06464843451976776,,599,2.9759650230407715,,,,,,,,,,,,,,,
,0.09716231375932693,0.06570463627576828,0.060298677533864975,,600,2.870462417602539,,,,,,,,,,,,,,,
,0.20440647844225168,0.17610750813037157,0.1409670189023018,,601,2.728968381881714,,,,,,,,,,,,,,,
,0.11581906583160162,0.07696604612283409,0.0740313003771007,,602,2.7106471061706543,,,,,,,,,,,,,,,
,0.19150017946958542,0.24055115878582,0.11843878030776978,,603,2.6719939708709717,,,,,,,,,,,,,,,
,0.5649485439062119,0.8095034584403038,0.43340649642050266,,604,2.028873920440674,,,,,,,,,,,,,,,
,0.10219575464725494,0.07601116225123405,0.05698884092271328,,605,2.822309970855713,,,,,,,,,,,,,,,
,0.04204545542597771,0.02345731109380722,0.02295285277068615,,606,2.9442195892333984,,,,,,,,,,,,,,,
,0.3227238804101944,0.3624475747346878,0.23844971507787704,,607,2.507490634918213,,,,,,,,,,,,,,,
,0.16332370787858963,0.10119010880589485,0.09777316451072693,,608,2.7394540309906006,,,,,,,,,,,,,,,
,0.27922967821359634,0.3807136230170727,0.17436177283525467,,609,2.6034443378448486,,,,,,,,,,,,,,,
,0.08094614744186401,0.11569958180189133,0.04829101637005806,,610,2.909088373184204,,,,,,,,,,,,,,,
,0.24962876240412393,0.45832958817481995,0.16245401402314505,,611,3.372668981552124,,,,,,,,,,,,,,,
,,,,35,2015,,2.770989179611206,0.18754973357765756,0.21901633181789917,0.1258416115028311,2.7798376083374023,0.18754973357765756,0.21901633181789917,0.1258416115028311,0.5604461863129334,,,,,,
,,,,35,2015,,,0.15990260036254242,0.07838387404600482,0.053090133106174484,,,,,,2.7971770763397217,2.7995104789733887,0.15990260036254242,0.07838387404600482,0.053090133106174484,0.40577141236528647
